variable,split,subset_1
region,all,region
region,all,hh_situation
region,all,i.hh_age
region,all,hoh_gender
zone,all,region
zone,all,hh_situation
zone,all,i.hh_age
zone,all,hoh_gender
woreda,all,region
woreda,all,hh_situation
woreda,all,i.hh_age
woreda,all,hoh_gender
hoh,all,region
hoh,all,hh_situation
hoh,all,i.hh_age
hoh,all,hoh_gender
hh_age,all,region
hh_age,all,hh_situation
hh_age,all,i.hh_age
hh_age,all,hoh_gender
hoh_no,all,region
hoh_no,all,hh_situation
hoh_no,all,i.hh_age
hoh_no,all,hoh_gender
hoh_gender,all,region
hoh_gender,all,hh_situation
hoh_gender,all,i.hh_age
hoh_gender,all,hoh_gender
hoh_no_gender,all,region
hoh_no_gender,all,hh_situation
hoh_no_gender,all,i.hh_age
hoh_no_gender,all,hoh_gender
hoh_no_marital_status,all,region
hoh_no_marital_status,all,hh_situation
hoh_no_marital_status,all,i.hh_age
hoh_no_marital_status,all,hoh_gender
hoh_marital_status,all,region
hoh_marital_status,all,hh_situation
hoh_marital_status,all,i.hh_age
hoh_marital_status,all,hoh_gender
hh_education,all,region
hh_education,all,hh_situation
hh_education,all,i.hh_age
hh_education,all,hoh_gender
hh_occupation,all,region
hh_occupation,all,hh_situation
hh_occupation,all,i.hh_age
hh_occupation,all,hoh_gender
hh_size,all,region
hh_size,all,hh_situation
hh_size,all,i.hh_age
hh_size,all,hoh_gender
hh_situation,all,region
hh_situation,all,hh_situation
hh_situation,all,i.hh_age
hh_situation,all,hoh_gender
hh_region,all,region
hh_region,all,hh_situation
hh_region,all,i.hh_age
hh_region,all,hoh_gender
hh_zone,all,region
hh_zone,all,hh_situation
hh_zone,all,i.hh_age
hh_zone,all,hoh_gender
hh_woreda,all,region
hh_woreda,all,hh_situation
hh_woreda,all,i.hh_age
hh_woreda,all,hoh_gender
displacement_reason,all,region
displacement_reason,all,hh_situation
displacement_reason,all,i.hh_age
displacement_reason,all,hoh_gender
current_location_reason,all,region
current_location_reason,all,hh_situation
current_location_reason,all,i.hh_age
current_location_reason,all,hoh_gender
hh_movement_plan,all,region
hh_movement_plan,all,hh_situation
hh_movement_plan,all,i.hh_age
hh_movement_plan,all,hoh_gender
hh_movement_plan_yes,all,region
hh_movement_plan_yes,all,hh_situation
hh_movement_plan_yes,all,i.hh_age
hh_movement_plan_yes,all,hoh_gender
hh_reason_for_planned_move,all,region
hh_reason_for_planned_move,all,hh_situation
hh_reason_for_planned_move,all,i.hh_age
hh_reason_for_planned_move,all,hoh_gender
ind_age,all,region
ind_age,all,hh_situation
ind_age,all,i.hh_age
ind_age,all,hoh_gender
ind_gender,all,region
ind_gender,all,hh_situation
ind_gender,all,i.hh_age
ind_gender,all,hoh_gender
ind_educational_status,all,region
ind_educational_status,all,hh_situation
ind_educational_status,all,i.hh_age
ind_educational_status,all,hoh_gender
pregnant_lac_women,all,region
pregnant_lac_women,all,hh_situation
pregnant_lac_women,all,i.hh_age
pregnant_lac_women,all,hoh_gender
pregnant_lac_women_yes,all,region
pregnant_lac_women_yes,all,hh_situation
pregnant_lac_women_yes,all,i.hh_age
pregnant_lac_women_yes,all,hoh_gender
difficulty_seeing,all,region
difficulty_seeing,all,hh_situation
difficulty_seeing,all,i.hh_age
difficulty_seeing,all,hoh_gender
difficulty_hearing,all,region
difficulty_hearing,all,hh_situation
difficulty_hearing,all,i.hh_age
difficulty_hearing,all,hoh_gender
difficulty_walking,all,region
difficulty_walking,all,hh_situation
difficulty_walking,all,i.hh_age
difficulty_walking,all,hoh_gender
difficulty_remembering,all,region
difficulty_remembering,all,hh_situation
difficulty_remembering,all,i.hh_age
difficulty_remembering,all,hoh_gender
difficulty_self_care,all,region
difficulty_self_care,all,hh_situation
difficulty_self_care,all,i.hh_age
difficulty_self_care,all,hoh_gender
difficulty_communicating,all,region
difficulty_communicating,all,hh_situation
difficulty_communicating,all,i.hh_age
difficulty_communicating,all,hoh_gender
drinking_water_source,all,region
drinking_water_source,all,hh_situation
drinking_water_source,all,i.hh_age
drinking_water_source,all,hoh_gender
cleaning_water_source,all,region
cleaning_water_source,all,hh_situation
cleaning_water_source,all,i.hh_age
cleaning_water_source,all,hoh_gender
water_source_location,all,region
water_source_location,all,hh_situation
water_source_location,all,i.hh_age
water_source_location,all,hoh_gender
water_fetch_time,all,region
water_fetch_time,all,hh_situation
water_fetch_time,all,i.hh_age
water_fetch_time,all,hoh_gender
water_fetch_time2,all,region
water_fetch_time2,all,hh_situation
water_fetch_time2,all,i.hh_age
water_fetch_time2,all,hoh_gender
water_point_owner,all,region
water_point_owner,all,hh_situation
water_point_owner,all,i.hh_age
water_point_owner,all,hoh_gender
water_source_functional,all,region
water_source_functional,all,hh_situation
water_source_functional,all,i.hh_age
water_source_functional,all,hoh_gender
ws_unfunctionality_reason,all,region
ws_unfunctionality_reason,all,hh_situation
ws_unfunctionality_reason,all,i.hh_age
ws_unfunctionality_reason,all,hoh_gender
ws_unfunctionality_time,all,region
ws_unfunctionality_time,all,hh_situation
ws_unfunctionality_time,all,i.hh_age
ws_unfunctionality_time,all,hoh_gender
ws_when_waterpoint_broken,all,region
ws_when_waterpoint_broken,all,hh_situation
ws_when_waterpoint_broken,all,i.hh_age
ws_when_waterpoint_broken,all,hoh_gender
water_access_challenge,all,region
water_access_challenge,all,hh_situation
water_access_challenge,all,i.hh_age
water_access_challenge,all,hoh_gender
lack_of_water_adapt,all,region
lack_of_water_adapt,all,hh_situation
lack_of_water_adapt,all,i.hh_age
lack_of_water_adapt,all,hoh_gender
access_water_different_in_seasons,all,region
access_water_different_in_seasons,all,hh_situation
access_water_different_in_seasons,all,i.hh_age
access_water_different_in_seasons,all,hoh_gender
challengning_months_to_access_water,all,region
challengning_months_to_access_water,all,hh_situation
challengning_months_to_access_water,all,i.hh_age
challengning_months_to_access_water,all,hoh_gender
quota_to_access_water,all,region
quota_to_access_water,all,hh_situation
quota_to_access_water,all,i.hh_age
quota_to_access_water,all,hoh_gender
num_jerrycan_allowed,all,region
num_jerrycan_allowed,all,hh_situation
num_jerrycan_allowed,all,i.hh_age
num_jerrycan_allowed,all,hoh_gender
difficult_to_collect_water,all,region
difficult_to_collect_water,all,hh_situation
difficult_to_collect_water,all,i.hh_age
difficult_to_collect_water,all,hoh_gender
boys_finds_difficulties_to_collect_water,all,region
boys_finds_difficulties_to_collect_water,all,hh_situation
boys_finds_difficulties_to_collect_water,all,i.hh_age
boys_finds_difficulties_to_collect_water,all,hoh_gender
girls_finds_difficulties_to_collect_water,all,region
girls_finds_difficulties_to_collect_water,all,hh_situation
girls_finds_difficulties_to_collect_water,all,i.hh_age
girls_finds_difficulties_to_collect_water,all,hoh_gender
men_finds_difficulties_to_collect_water,all,region
men_finds_difficulties_to_collect_water,all,hh_situation
men_finds_difficulties_to_collect_water,all,i.hh_age
men_finds_difficulties_to_collect_water,all,hoh_gender
women_finds_difficulties_to_collect_water,all,region
women_finds_difficulties_to_collect_water,all,hh_situation
women_finds_difficulties_to_collect_water,all,i.hh_age
women_finds_difficulties_to_collect_water,all,hoh_gender
elders_finds_difficulties_to_collect_water,all,region
elders_finds_difficulties_to_collect_water,all,hh_situation
elders_finds_difficulties_to_collect_water,all,i.hh_age
elders_finds_difficulties_to_collect_water,all,hoh_gender
disabilities_finds_difficulties_to_collect_water,all,region
disabilities_finds_difficulties_to_collect_water,all,hh_situation
disabilities_finds_difficulties_to_collect_water,all,i.hh_age
disabilities_finds_difficulties_to_collect_water,all,hoh_gender
hh_water_payment,all,region
hh_water_payment,all,hh_situation
hh_water_payment,all,i.hh_age
hh_water_payment,all,hoh_gender
hh_water_payment_amount,all,region
hh_water_payment_amount,all,hh_situation
hh_water_payment_amount,all,i.hh_age
hh_water_payment_amount,all,hoh_gender
hh_water_treatment,all,region
hh_water_treatment,all,hh_situation
hh_water_treatment,all,i.hh_age
hh_water_treatment,all,hoh_gender
felt_unsafe_when_accessing_public_water_source,all,region
felt_unsafe_when_accessing_public_water_source,all,hh_situation
felt_unsafe_when_accessing_public_water_source,all,i.hh_age
felt_unsafe_when_accessing_public_water_source,all,hoh_gender
felt_unsafe_reason,all,region
felt_unsafe_reason,all,hh_situation
felt_unsafe_reason,all,i.hh_age
felt_unsafe_reason,all,hoh_gender
hh_informed_about_water_services_availability,all,region
hh_informed_about_water_services_availability,all,hh_situation
hh_informed_about_water_services_availability,all,i.hh_age
hh_informed_about_water_services_availability,all,hoh_gender
received_information_no_accurte,all,region
received_information_no_accurte,all,hh_situation
received_information_no_accurte,all,i.hh_age
received_information_no_accurte,all,hoh_gender
receive_information_about_water_services,all,region
receive_information_about_water_services,all,hh_situation
receive_information_about_water_services,all,i.hh_age
receive_information_about_water_services,all,hoh_gender
water_info_preference,all,region
water_info_preference,all,hh_situation
water_info_preference,all,i.hh_age
water_info_preference,all,hoh_gender
wash_improvement_needed,all,region
wash_improvement_needed,all,hh_situation
wash_improvement_needed,all,i.hh_age
wash_improvement_needed,all,hoh_gender
wash_improvement_needed2,all,region
wash_improvement_needed2,all,hh_situation
wash_improvement_needed2,all,i.hh_age
wash_improvement_needed2,all,hoh_gender
wash_improvement_needed3,all,region
wash_improvement_needed3,all,hh_situation
wash_improvement_needed3,all,i.hh_age
wash_improvement_needed3,all,hoh_gender
access_health_facilities,all,region
access_health_facilities,all,hh_situation
access_health_facilities,all,i.hh_age
access_health_facilities,all,hoh_gender
operating_health_post,all,region
operating_health_post,all,hh_situation
operating_health_post,all,i.hh_age
operating_health_post,all,hoh_gender
health_post_non_functionality_reason,all,region
health_post_non_functionality_reason,all,hh_situation
health_post_non_functionality_reason,all,i.hh_age
health_post_non_functionality_reason,all,hoh_gender
health_post_services,all,region
health_post_services,all,hh_situation
health_post_services,all,i.hh_age
health_post_services,all,hoh_gender
health_post_location,all,region
health_post_location,all,hh_situation
health_post_location,all,i.hh_age
health_post_location,all,hoh_gender
health_post_located_out_of_kebele,all,region
health_post_located_out_of_kebele,all,hh_situation
health_post_located_out_of_kebele,all,i.hh_age
health_post_located_out_of_kebele,all,hoh_gender
travel_time_to_health_post,all,region
travel_time_to_health_post,all,hh_situation
travel_time_to_health_post,all,i.hh_age
travel_time_to_health_post,all,hoh_gender
health_post_owner,all,region
health_post_owner,all,hh_situation
health_post_owner,all,i.hh_age
health_post_owner,all,hoh_gender
operating_health_centre,all,region
operating_health_centre,all,hh_situation
operating_health_centre,all,i.hh_age
operating_health_centre,all,hoh_gender
health_centre_non_functionality_reason,all,region
health_centre_non_functionality_reason,all,hh_situation
health_centre_non_functionality_reason,all,i.hh_age
health_centre_non_functionality_reason,all,hoh_gender
health_centre_services,all,region
health_centre_services,all,hh_situation
health_centre_services,all,i.hh_age
health_centre_services,all,hoh_gender
health_centre_location,all,region
health_centre_location,all,hh_situation
health_centre_location,all,i.hh_age
health_centre_location,all,hoh_gender
health_centre_located_out_of_kebele,all,region
health_centre_located_out_of_kebele,all,hh_situation
health_centre_located_out_of_kebele,all,i.hh_age
health_centre_located_out_of_kebele,all,hoh_gender
travel_time_to_health_centre,all,region
travel_time_to_health_centre,all,hh_situation
travel_time_to_health_centre,all,i.hh_age
travel_time_to_health_centre,all,hoh_gender
health_centre_owner,all,region
health_centre_owner,all,hh_situation
health_centre_owner,all,i.hh_age
health_centre_owner,all,hoh_gender
operating_hospital,all,region
operating_hospital,all,hh_situation
operating_hospital,all,i.hh_age
operating_hospital,all,hoh_gender
hospital_non_functionality_reason,all,region
hospital_non_functionality_reason,all,hh_situation
hospital_non_functionality_reason,all,i.hh_age
hospital_non_functionality_reason,all,hoh_gender
hopsital_services,all,region
hopsital_services,all,hh_situation
hopsital_services,all,i.hh_age
hopsital_services,all,hoh_gender
hopsital_location,all,region
hopsital_location,all,hh_situation
hopsital_location,all,i.hh_age
hopsital_location,all,hoh_gender
hopsital_located_out_of_kebele,all,region
hopsital_located_out_of_kebele,all,hh_situation
hopsital_located_out_of_kebele,all,i.hh_age
hopsital_located_out_of_kebele,all,hoh_gender
travel_time_to_hopsital,all,region
travel_time_to_hopsital,all,hh_situation
travel_time_to_hopsital,all,i.hh_age
travel_time_to_hopsital,all,hoh_gender
hopsital_owner,all,region
hopsital_owner,all,hh_situation
hopsital_owner,all,i.hh_age
hopsital_owner,all,hoh_gender
operating_pharmacy,all,region
operating_pharmacy,all,hh_situation
operating_pharmacy,all,i.hh_age
operating_pharmacy,all,hoh_gender
pharmacy_non_functionality_reason,all,region
pharmacy_non_functionality_reason,all,hh_situation
pharmacy_non_functionality_reason,all,i.hh_age
pharmacy_non_functionality_reason,all,hoh_gender
pharmacy_services,all,region
pharmacy_services,all,hh_situation
pharmacy_services,all,i.hh_age
pharmacy_services,all,hoh_gender
pharmacy_location,all,region
pharmacy_location,all,hh_situation
pharmacy_location,all,i.hh_age
pharmacy_location,all,hoh_gender
pharmacy_located_out_of_kebele,all,region
pharmacy_located_out_of_kebele,all,hh_situation
pharmacy_located_out_of_kebele,all,i.hh_age
pharmacy_located_out_of_kebele,all,hoh_gender
travel_time_to_pharmacy,all,region
travel_time_to_pharmacy,all,hh_situation
travel_time_to_pharmacy,all,i.hh_age
travel_time_to_pharmacy,all,hoh_gender
pharmacy_owner,all,region
pharmacy_owner,all,hh_situation
pharmacy_owner,all,i.hh_age
pharmacy_owner,all,hoh_gender
operating_dispensary,all,region
operating_dispensary,all,hh_situation
operating_dispensary,all,i.hh_age
operating_dispensary,all,hoh_gender
dispensary_non_functionality_reason,all,region
dispensary_non_functionality_reason,all,hh_situation
dispensary_non_functionality_reason,all,i.hh_age
dispensary_non_functionality_reason,all,hoh_gender
dispensary_services,all,region
dispensary_services,all,hh_situation
dispensary_services,all,i.hh_age
dispensary_services,all,hoh_gender
dispensary_location,all,region
dispensary_location,all,hh_situation
dispensary_location,all,i.hh_age
dispensary_location,all,hoh_gender
dispensary_located_out_of_kebele,all,region
dispensary_located_out_of_kebele,all,hh_situation
dispensary_located_out_of_kebele,all,i.hh_age
dispensary_located_out_of_kebele,all,hoh_gender
travel_time_to_dispensary,all,region
travel_time_to_dispensary,all,hh_situation
travel_time_to_dispensary,all,i.hh_age
travel_time_to_dispensary,all,hoh_gender
dispensary_owner,all,region
dispensary_owner,all,hh_situation
dispensary_owner,all,i.hh_age
dispensary_owner,all,hoh_gender
operating_mobile_clinics,all,region
operating_mobile_clinics,all,hh_situation
operating_mobile_clinics,all,i.hh_age
operating_mobile_clinics,all,hoh_gender
mobile_clinics_non_functionality_reason,all,region
mobile_clinics_non_functionality_reason,all,hh_situation
mobile_clinics_non_functionality_reason,all,i.hh_age
mobile_clinics_non_functionality_reason,all,hoh_gender
mobile_clinics_services,all,region
mobile_clinics_services,all,hh_situation
mobile_clinics_services,all,i.hh_age
mobile_clinics_services,all,hoh_gender
mobile_clinics_location,all,region
mobile_clinics_location,all,hh_situation
mobile_clinics_location,all,i.hh_age
mobile_clinics_location,all,hoh_gender
mobile_clinics_located_out_of_kebele,all,region
mobile_clinics_located_out_of_kebele,all,hh_situation
mobile_clinics_located_out_of_kebele,all,i.hh_age
mobile_clinics_located_out_of_kebele,all,hoh_gender
travel_time_to_mobile_clinics,all,region
travel_time_to_mobile_clinics,all,hh_situation
travel_time_to_mobile_clinics,all,i.hh_age
travel_time_to_mobile_clinics,all,hoh_gender
mobile_clinics_owner,all,region
mobile_clinics_owner,all,hh_situation
mobile_clinics_owner,all,i.hh_age
mobile_clinics_owner,all,hoh_gender
operating_hh_healthcare,all,region
operating_hh_healthcare,all,hh_situation
operating_hh_healthcare,all,i.hh_age
operating_hh_healthcare,all,hoh_gender
hh_healthcare_non_functionality_reason,all,region
hh_healthcare_non_functionality_reason,all,hh_situation
hh_healthcare_non_functionality_reason,all,i.hh_age
hh_healthcare_non_functionality_reason,all,hoh_gender
hh_healthcare_services,all,region
hh_healthcare_services,all,hh_situation
hh_healthcare_services,all,i.hh_age
hh_healthcare_services,all,hoh_gender
hh_healthcare_location,all,region
hh_healthcare_location,all,hh_situation
hh_healthcare_location,all,i.hh_age
hh_healthcare_location,all,hoh_gender
hh_healthcare_located_out_of_kebele,all,region
hh_healthcare_located_out_of_kebele,all,hh_situation
hh_healthcare_located_out_of_kebele,all,i.hh_age
hh_healthcare_located_out_of_kebele,all,hoh_gender
travel_time_to_hh_healthcare,all,region
travel_time_to_hh_healthcare,all,hh_situation
travel_time_to_hh_healthcare,all,i.hh_age
travel_time_to_hh_healthcare,all,hoh_gender
hh_healthcare_owner,all,region
hh_healthcare_owner,all,hh_situation
hh_healthcare_owner,all,i.hh_age
hh_healthcare_owner,all,hoh_gender
ambulance_service_accessible,all,region
ambulance_service_accessible,all,hh_situation
ambulance_service_accessible,all,i.hh_age
ambulance_service_accessible,all,hoh_gender
health_need_assistance,all,region
health_need_assistance,all,hh_situation
health_need_assistance,all,i.hh_age
health_need_assistance,all,hoh_gender
health_need_assistance_yes,all,region
health_need_assistance_yes,all,hh_situation
health_need_assistance_yes,all,i.hh_age
health_need_assistance_yes,all,hoh_gender
hh_member_healthcare_needed,all,region
hh_member_healthcare_needed,all,hh_situation
hh_member_healthcare_needed,all,i.hh_age
hh_member_healthcare_needed,all,hoh_gender
services_not_able_to_access,all,region
services_not_able_to_access,all,hh_situation
services_not_able_to_access,all,i.hh_age
services_not_able_to_access,all,hoh_gender
services_able_to_access,all,region
services_able_to_access,all,hh_situation
services_able_to_access,all,i.hh_age
services_able_to_access,all,hoh_gender
unmet_needs_reason,all,region
unmet_needs_reason,all,hh_situation
unmet_needs_reason,all,i.hh_age
unmet_needs_reason,all,hoh_gender
services_no_access_reason,all,region
services_no_access_reason,all,hh_situation
services_no_access_reason,all,i.hh_age
services_no_access_reason,all,hoh_gender
hh_healthcare_pay,all,region
hh_healthcare_pay,all,hh_situation
hh_healthcare_pay,all,i.hh_age
hh_healthcare_pay,all,hoh_gender
hh_healthcare_pay_yes,all,region
hh_healthcare_pay_yes,all,hh_situation
hh_healthcare_pay_yes,all,i.hh_age
hh_healthcare_pay_yes,all,hoh_gender
hh_payment_modality,all,region
hh_payment_modality,all,hh_situation
hh_payment_modality,all,i.hh_age
hh_payment_modality,all,hoh_gender
healthcare_payment_amount,all,region
healthcare_payment_amount,all,hh_situation
healthcare_payment_amount,all,i.hh_age
healthcare_payment_amount,all,hoh_gender
hh_beneficiary_cbhi,all,region
hh_beneficiary_cbhi,all,hh_situation
hh_beneficiary_cbhi,all,i.hh_age
hh_beneficiary_cbhi,all,hoh_gender
hh_free_health_services,all,region
hh_free_health_services,all,hh_situation
hh_free_health_services,all,i.hh_age
hh_free_health_services,all,hoh_gender
hh_free_health_services_yes,all,region
hh_free_health_services_yes,all,hh_situation
hh_free_health_services_yes,all,i.hh_age
hh_free_health_services_yes,all,hoh_gender
disability_healthcare_access_difficultiy,all,region
disability_healthcare_access_difficultiy,all,hh_situation
disability_healthcare_access_difficultiy,all,i.hh_age
disability_healthcare_access_difficultiy,all,hoh_gender
idp_healthcare_access_difficultiy,all,region
idp_healthcare_access_difficultiy,all,hh_situation
idp_healthcare_access_difficultiy,all,i.hh_age
idp_healthcare_access_difficultiy,all,hoh_gender
mental_healthcare_service,all,region
mental_healthcare_service,all,hh_situation
mental_healthcare_service,all,i.hh_age
mental_healthcare_service,all,hoh_gender
hh_healthcare_information_level,all,region
hh_healthcare_information_level,all,hh_situation
hh_healthcare_information_level,all,i.hh_age
hh_healthcare_information_level,all,hoh_gender
obtained_information_not_accurte,all,region
obtained_information_not_accurte,all,hh_situation
obtained_information_not_accurte,all,i.hh_age
obtained_information_not_accurte,all,hoh_gender
hh_means_to_receive_healthcare_information,all,region
hh_means_to_receive_healthcare_information,all,hh_situation
hh_means_to_receive_healthcare_information,all,i.hh_age
hh_means_to_receive_healthcare_information,all,hoh_gender
receive_healthcare_information,all,region
receive_healthcare_information,all,hh_situation
receive_healthcare_information,all,i.hh_age
receive_healthcare_information,all,hoh_gender
healthcare_improvement_needed,all,region
healthcare_improvement_needed,all,hh_situation
healthcare_improvement_needed,all,i.hh_age
healthcare_improvement_needed,all,hoh_gender
healthcare_improvement_needed2,all,region
healthcare_improvement_needed2,all,hh_situation
healthcare_improvement_needed2,all,i.hh_age
healthcare_improvement_needed2,all,hoh_gender
healthcare_improvement_needed3,all,region
healthcare_improvement_needed3,all,hh_situation
healthcare_improvement_needed3,all,i.hh_age
healthcare_improvement_needed3,all,hoh_gender
hh_required_nutrition_services,all,region
hh_required_nutrition_services,all,hh_situation
hh_required_nutrition_services,all,i.hh_age
hh_required_nutrition_services,all,hoh_gender
hh_required_nutrition_services_yes,all,region
hh_required_nutrition_services_yes,all,hh_situation
hh_required_nutrition_services_yes,all,i.hh_age
hh_required_nutrition_services_yes,all,hoh_gender
nutrition_services_accessed,all,region
nutrition_services_accessed,all,hh_situation
nutrition_services_accessed,all,i.hh_age
nutrition_services_accessed,all,hoh_gender
hh_education_level_attend,all,region
hh_education_level_attend,all,hh_situation
hh_education_level_attend,all,i.hh_age
hh_education_level_attend,all,hoh_gender
education_facility_location,all,region
education_facility_location,all,hh_situation
education_facility_location,all,i.hh_age
education_facility_location,all,hoh_gender
education_facility_owner,all,region
education_facility_owner,all,hh_situation
education_facility_owner,all,i.hh_age
education_facility_owner,all,hoh_gender
education_functionality_status,all,region
education_functionality_status,all,hh_situation
education_functionality_status,all,i.hh_age
education_functionality_status,all,hoh_gender
education_functionality_status_no,all,region
education_functionality_status_no,all,hh_situation
education_functionality_status_no,all,i.hh_age
education_functionality_status_no,all,hoh_gender
school_barriers,all,region
school_barriers,all,hh_situation
school_barriers,all,i.hh_age
school_barriers,all,hoh_gender
not_attending_reasons,all,region
not_attending_reasons,all,hh_situation
not_attending_reasons,all,i.hh_age
not_attending_reasons,all,hoh_gender
dropout_reason,all,region
dropout_reason,all,hh_situation
dropout_reason,all,i.hh_age
dropout_reason,all,hoh_gender
educ_services_improvement,all,region
educ_services_improvement,all,hh_situation
educ_services_improvement,all,i.hh_age
educ_services_improvement,all,hoh_gender
educ_services_improvement2,all,region
educ_services_improvement2,all,hh_situation
educ_services_improvement2,all,i.hh_age
educ_services_improvement2,all,hoh_gender
educ_services_improvement3,all,region
educ_services_improvement3,all,hh_situation
educ_services_improvement3,all,i.hh_age
educ_services_improvement3,all,hoh_gender
information_about_education_availability,all,region
information_about_education_availability,all,hh_situation
information_about_education_availability,all,i.hh_age
information_about_education_availability,all,hoh_gender
received_information_no_accurte2,all,region
received_information_no_accurte2,all,hh_situation
received_information_no_accurte2,all,i.hh_age
received_information_no_accurte2,all,hoh_gender
educ_information_reveived_way,all,region
educ_information_reveived_way,all,hh_situation
educ_information_reveived_way,all,i.hh_age
educ_information_reveived_way,all,hoh_gender
educ_information_reveived_future,all,region
educ_information_reveived_future,all,hh_situation
educ_information_reveived_future,all,i.hh_age
educ_information_reveived_future,all,hoh_gender
hh_exposed_to_hazards,all,region
hh_exposed_to_hazards,all,hh_situation
hh_exposed_to_hazards,all,i.hh_age
hh_exposed_to_hazards,all,hoh_gender
exposed_to_flood_yes,all,region
exposed_to_flood_yes,all,hh_situation
exposed_to_flood_yes,all,i.hh_age
exposed_to_flood_yes,all,hoh_gender
flood_exposed_sector,all,region
flood_exposed_sector,all,hh_situation
flood_exposed_sector,all,i.hh_age
flood_exposed_sector,all,hoh_gender
flood_impacted_access_to_services,all,region
flood_impacted_access_to_services,all,hh_situation
flood_impacted_access_to_services,all,i.hh_age
flood_impacted_access_to_services,all,hoh_gender
exposed_to_drought_yes,all,region
exposed_to_drought_yes,all,hh_situation
exposed_to_drought_yes,all,i.hh_age
exposed_to_drought_yes,all,hoh_gender
drought_exposed_sector,all,region
drought_exposed_sector,all,hh_situation
drought_exposed_sector,all,i.hh_age
drought_exposed_sector,all,hoh_gender
drought_impacted_access_to_services,all,region
drought_impacted_access_to_services,all,hh_situation
drought_impacted_access_to_services,all,i.hh_age
drought_impacted_access_to_services,all,hoh_gender
exposed_to_landslide_yes,all,region
exposed_to_landslide_yes,all,hh_situation
exposed_to_landslide_yes,all,i.hh_age
exposed_to_landslide_yes,all,hoh_gender
landslide_exposed_sector,all,region
landslide_exposed_sector,all,hh_situation
landslide_exposed_sector,all,i.hh_age
landslide_exposed_sector,all,hoh_gender
landslide_impacted_access_to_services,all,region
landslide_impacted_access_to_services,all,hh_situation
landslide_impacted_access_to_services,all,i.hh_age
landslide_impacted_access_to_services,all,hoh_gender
exposed_to_heatwave_yes,all,region
exposed_to_heatwave_yes,all,hh_situation
exposed_to_heatwave_yes,all,i.hh_age
exposed_to_heatwave_yes,all,hoh_gender
heatwave_exposed_sector,all,region
heatwave_exposed_sector,all,hh_situation
heatwave_exposed_sector,all,i.hh_age
heatwave_exposed_sector,all,hoh_gender
heatwave_impacted_access_to_services,all,region
heatwave_impacted_access_to_services,all,hh_situation
heatwave_impacted_access_to_services,all,i.hh_age
heatwave_impacted_access_to_services,all,hoh_gender
exposed_to_deforestation_yes,all,region
exposed_to_deforestation_yes,all,hh_situation
exposed_to_deforestation_yes,all,i.hh_age
exposed_to_deforestation_yes,all,hoh_gender
deforestation_exposed_sector,all,region
deforestation_exposed_sector,all,hh_situation
deforestation_exposed_sector,all,i.hh_age
deforestation_exposed_sector,all,hoh_gender
deforestation_impacted_access_to_services,all,region
deforestation_impacted_access_to_services,all,hh_situation
deforestation_impacted_access_to_services,all,i.hh_age
deforestation_impacted_access_to_services,all,hoh_gender
exposed_to_water_scarcity_yes,all,region
exposed_to_water_scarcity_yes,all,hh_situation
exposed_to_water_scarcity_yes,all,i.hh_age
exposed_to_water_scarcity_yes,all,hoh_gender
water_scarcity_exposed_sector,all,region
water_scarcity_exposed_sector,all,hh_situation
water_scarcity_exposed_sector,all,i.hh_age
water_scarcity_exposed_sector,all,hoh_gender
water_scarcity_impacted_access_to_services,all,region
water_scarcity_impacted_access_to_services,all,hh_situation
water_scarcity_impacted_access_to_services,all,i.hh_age
water_scarcity_impacted_access_to_services,all,hoh_gender
exposed_to_earthquacke_yes,all,region
exposed_to_earthquacke_yes,all,hh_situation
exposed_to_earthquacke_yes,all,i.hh_age
exposed_to_earthquacke_yes,all,hoh_gender
earthquacke_exposed_sector,all,region
earthquacke_exposed_sector,all,hh_situation
earthquacke_exposed_sector,all,i.hh_age
earthquacke_exposed_sector,all,hoh_gender
earthquacke_impacted_access_to_services,all,region
earthquacke_impacted_access_to_services,all,hh_situation
earthquacke_impacted_access_to_services,all,i.hh_age
earthquacke_impacted_access_to_services,all,hoh_gender
specifique_question,all,region
specifique_question,all,hh_situation
specifique_question,all,i.hh_age
specifique_question,all,hoh_gender
fem_health_fac_access_barriers,all,region
fem_health_fac_access_barriers,all,hh_situation
fem_health_fac_access_barriers,all,i.hh_age
fem_health_fac_access_barriers,all,hoh_gender
fem_unable_seek_health_cult_barriers,all,region
fem_unable_seek_health_cult_barriers,all,hh_situation
fem_unable_seek_health_cult_barriers,all,i.hh_age
fem_unable_seek_health_cult_barriers,all,hoh_gender
fem_unable_seek_health_cult_barriers_yes,all,region
fem_unable_seek_health_cult_barriers_yes,all,hh_situation
fem_unable_seek_health_cult_barriers_yes,all,i.hh_age
fem_unable_seek_health_cult_barriers_yes,all,hoh_gender
aware_of_health_services,all,region
aware_of_health_services,all,hh_situation
aware_of_health_services,all,i.hh_age
aware_of_health_services,all,hoh_gender
aware_of_health_services_yes,all,region
aware_of_health_services_yes,all,hh_situation
aware_of_health_services_yes,all,i.hh_age
aware_of_health_services_yes,all,hoh_gender
aware_of_health_services_no,all,region
aware_of_health_services_no,all,hh_situation
aware_of_health_services_no,all,i.hh_age
aware_of_health_services_no,all,hoh_gender
safety_security_risks,all,region
safety_security_risks,all,hh_situation
safety_security_risks,all,i.hh_age
safety_security_risks,all,hoh_gender
safety_security_risks_yes,all,region
safety_security_risks_yes,all,hh_situation
safety_security_risks_yes,all,i.hh_age
safety_security_risks_yes,all,hoh_gender
sgbv_services,all,region
sgbv_services,all,hh_situation
sgbv_services,all,i.hh_age
sgbv_services,all,hoh_gender
sgbv_services_info,all,region
sgbv_services_info,all,hh_situation
sgbv_services_info,all,i.hh_age
sgbv_services_info,all,hoh_gender
sgbv_services_info2,all,region
sgbv_services_info2,all,hh_situation
sgbv_services_info2,all,i.hh_age
sgbv_services_info2,all,hoh_gender
educ_facility_barriers,all,region
educ_facility_barriers,all,hh_situation
educ_facility_barriers,all,i.hh_age
educ_facility_barriers,all,hoh_gender
cultural_barriers_edu,all,region
cultural_barriers_edu,all,hh_situation
cultural_barriers_edu,all,i.hh_age
cultural_barriers_edu,all,hoh_gender
education_services_info,all,region
education_services_info,all,hh_situation
education_services_info,all,i.hh_age
education_services_info,all,hoh_gender
education_services_info_yes,all,region
education_services_info_yes,all,hh_situation
education_services_info_yes,all,i.hh_age
education_services_info_yes,all,hoh_gender
education_services_info_no,all,region
education_services_info_no,all,hh_situation
education_services_info_no,all,i.hh_age
education_services_info_no,all,hoh_gender
education_security_risks,all,region
education_security_risks,all,hh_situation
education_security_risks,all,i.hh_age
education_security_risks,all,hoh_gender
education_security_risks_yes,all,region
education_security_risks_yes,all,hh_situation
education_security_risks_yes,all,i.hh_age
education_security_risks_yes,all,hoh_gender
water_facility_barriers,all,region
water_facility_barriers,all,hh_situation
water_facility_barriers,all,i.hh_age
water_facility_barriers,all,hoh_gender
water_services_cultural_barriers,all,region
water_services_cultural_barriers,all,hh_situation
water_services_cultural_barriers,all,i.hh_age
water_services_cultural_barriers,all,hoh_gender
water_services_info,all,region
water_services_info,all,hh_situation
water_services_info,all,i.hh_age
water_services_info,all,hoh_gender
water_services_info_yes,all,region
water_services_info_yes,all,hh_situation
water_services_info_yes,all,i.hh_age
water_services_info_yes,all,hoh_gender
water_services_info_no,all,region
water_services_info_no,all,hh_situation
water_services_info_no,all,i.hh_age
water_services_info_no,all,hoh_gender
water_security_risks,all,region
water_security_risks,all,hh_situation
water_security_risks,all,i.hh_age
water_security_risks,all,hoh_gender
water_security_risks_yes,all,region
water_security_risks_yes,all,hh_situation
water_security_risks_yes,all,i.hh_age
water_security_risks_yes,all,hoh_gender
i.hh_age,all,region
i.hh_age,all,hh_situation
i.hh_age,all,i.hh_age
i.hh_age,all,hoh_gender
i.hh_size,all,region
i.hh_size,all,hh_situation
i.hh_size,all,i.hh_age
i.hh_size,all,hoh_gender
i.hoh_no,all,region
i.hoh_no,all,hh_situation
i.hoh_no,all,i.hh_age
i.hoh_no,all,hoh_gender
